C/H,N/H,Mg/H,Si/H,O/H,Fe/H,S/H,He/H,mass,name
0.0001669241327148498,4.390338392632543e-05,1.6309554640239223e-05,1.7889331621011587e-05,0.00027074339835750117,1e-05,6.644613641126626e-06,0.09162339437004646,1.0,low_fe
0.00039716019751477014,0.00010446576105537478,3.881379163540896e-05,4.25570076823056e-05,0.0006441398770733164,3.1622776601683795e-05,1.5811701811271524e-05,0.07894736842105263,1.0,solar_fe
0.0009450346419771251,0.0002485609960001672,9.235990301549654e-05,0.00010127661174494494,0.0015328857163654532,0.0001,3.7622634751242345e-05,0.06717838112154276,1.0,high_fe
