C/H,N/H,Mg/H,Si/H,O/H,Fe/H,S/H,He/H,mass,name
0.00016689317673878739,4.389830877311996e-05,1.6311892391390913e-05,1.7886616970750623e-05,0.00027068575445553196,1e-05,6.6460121794016366e-06,0.09162339437004646,1.0,low_fe
0.00039718218945262746,0.00010447187865250522,3.88126236083685e-05,4.255889564686609e-05,0.0006441269327626204,3.1622776601683795e-05,1.5811485974188874e-05,0.07894736842105263,1.0,solar_fe
0.0009448987658151487,0.0002485524173539826,9.235593196508794e-05,0.00010125374861679516,0.0015326564216967314,0.0001,3.762552127634256e-05,0.06717838112154276,1.0,high_fe
